id;firstname;lastname;mail;phone;address
f8212e31-3148-4875-a052-5e90d65c5539;"Rk";"Yb";Avon Fantastic SSL;(459) 747-5542;e-business Granite drive
b43d52ec-90e4-4967-84a5-5205580bd860;"Sjtjbe";"Dznw";Idaho invoice;999-957-1103;generation quantifying
89c841f8-af4e-4548-91e5-f060b536f45f;"Pqvtbpr";"Aczxhxs";Tuna;(520) 441-2522 x81050;Monaco Account
d459398f-16e0-40d7-9862-4eee54220a6b;"Wdlqku";"Tnnjtg";mesh;715.273.9122 x000;Greens Maine Shirt
3bc990d8-0deb-4562-ae50-fa9f6fb9804c;"Jidb";"Bdu";Fantastic;(888) 949-4933;Tactics bottom-line
8f251075-4e63-433a-ab45-91ad9d249c65;"Nnq";"Xutg";Account deposit;1-466-815-2490;Montenegro
e3e17218-53a9-4dcb-8fbb-9870588ac600;"Jtqz";"Itz";auxiliary;1-788-652-7560;Concrete Harbors Proactive
30975828-426e-4ca6-be93-1be323c81bec;"Nstlwcx";"Vfh";turquoise redefine;1-993-555-2559;Dynamic orange 1080p
0bf0476d-8b63-4adb-a4e2-01b11c904a78;"Nqwp";"Ia";digital Cotton;(406) 232-4917 x8510;Automotive
0331e5c6-be32-4513-929f-ed8d38bcd0c4;"Umfp";"Vsjnvq";parsing Specialist;676.275.1814 x037;Usability Corporate ivory
